[{"id":"1","Nombre_cientifico":"Adiantum capillus-veneris","Nombre_comun":"Culantrillo de pozo","Descripcion":"Helecho con hojas finas","id_ubicacion":"1","stock":"10","Ubicacion":"Interior"},{"id":"3","Nombre_cientifico":"Allamanda violacea","Nombre_comun":"Trompeta","Descripcion":"Planta  trepadora  o  enredadera  con  bonitas flores rosas a rojas en forma de trompeta y hojas perennes.","id_ubicacion":"2","stock":"0","Ubicacion":"Exterior"},{"id":"5","Nombre_cientifico":"Antigonon leptopus","Nombre_comun":"Coral  vine, Flor  de  San  Diego, Corona de reina","Descripcion":"Planta  trepadora,  con  zarcillos  presentes  en las  terminaciones  de  las  inflorescencias.  Tiene  las  ra\u00edces tuberosas. Tama\u00f1o: Alcanza los 1-2 (-10) m de largo. Hojas alternas, espiraladas, simples.","id_ubicacion":"2","stock":"0","Ubicacion":"Exterior"},{"id":"6","Nombre_cientifico":"Beaucarnea inermis","Nombre_comun":"Beucarnea, Soyate, Petate  de caballo, Pata de vaca","Descripcion":"Planta siempre verde.","id_ubicacion":"2","stock":"0","Ubicacion":"Exterior"},{"id":"7","Nombre_cientifico":"Calathea crocata","Nombre_comun":"Calatea, Galatea","Descripcion":"Arbusto  de  follaje  ornamental  con  peque\u00f1itas flores blancas","id_ubicacion":"2","stock":"33","Ubicacion":"Exterior"},{"id":"9","Nombre_cientifico":"Coleus blumei","Nombre_comun":"Coleo, Cretona","Descripcion":"Anual  o  perenne,  herb\u00e1cea  o  semiarbustiva. Sus hojas son opuestas, simples, en forma de coraz\u00f3n. Los colores var\u00edan entre el verde y el amarillo, el rojo, el bronce, el p\u00farpura y el gris, todos ellos variadamente jaspeados.","id_ubicacion":"2","stock":"25","Ubicacion":"Exterior"},{"id":"10","Nombre_cientifico":"Cuphea hyssopifolia.","Nombre_comun":"Mosquito, Trueno  de  Venus, Lluvia  de estrella, Falso brezo mexicano.","Descripcion":"Arbusto perenne tropical de forma compacta","id_ubicacion":"1","stock":"5","Ubicacion":"Interior"},{"id":"11","Nombre_cientifico":"Euphorbia milii var. splendens.","Nombre_comun":"Corona de Cristo, Espinas de Cristo.","Descripcion":"Arbusto con  flores  y  espinas.  Hojas de  forma oblongo-espatulada,  verdes  en  ambas  caras  y  provistas  de una espina en su base de implantaci\u00f3n al tallo. ","id_ubicacion":"2","stock":"10","Ubicacion":"Exterior"},{"id":"12","Nombre_cientifico":"Euphorbia pulcherrima.","Nombre_comun":"Nochebuena, Flor de Santa Catarina.","Descripcion":"Arbusto con br\u00e1cteas  y  en diferentes colores: rojas, amarillas, salm\u00f3n, blancas, etc.","id_ubicacion":"2","stock":"100","Ubicacion":"Exterior"},{"id":"14","Nombre_cientifico":"Paretus Bianyencus","Nombre_comun":"Parer","Descripcion":"La nueva planta","id_ubicacion":"2","stock":"10","Ubicacion":"Exterior"},{"id":"16","Nombre_cientifico":"Georgius","Nombre_comun":"Jordi","Descripcion":"La planta del Jordi","id_ubicacion":"2","stock":"1","Ubicacion":"Exterior"},{"id":"20","Nombre_cientifico":"test","Nombre_comun":"test","Descripcion":"un test","id_ubicacion":"1","stock":"10","Ubicacion":"Interior"}]